Model,MSE,RMSE,R2
MeanPredictor,1035.8914882785068,32.185268187145915,-0.052418315919462666
LinearRegression,291.29102716510613,17.067250134837366,0.7040616553756927
